repo	class	manifest	consumer	table	alias	dependency	spec
archmage-artisan	primary	archmage-artisan/tests/downstream-compat/zenpixels-convert/Cargo.toml	archmage-compat-zenpixels-convert	dependencies	zenpixels-convert	zenpixels-convert	"""0.1"""
archmage	primary	archmage/tests/downstream-compat/zenpixels-convert/Cargo.toml	archmage-compat-zenpixels-convert	dependencies	zenpixels-convert	zenpixels-convert	"""0.2.16"""
coefficient	primary	coefficient/Cargo.toml	coefficient	dependencies	zenpixels	zenpixels	"{""default-features"": false, ""features"": [""std""], ""version"": ""0.2.10""}"
dvifmish	primary	dvifmish/Cargo.toml	dvifmish	dependencies	zenpixels	zenpixels	"{""optional"": true, ""version"": ""0.2.16""}"
dvifmish	primary	dvifmish/Cargo.toml	dvifmish	dependencies	zenpixels-convert	zenpixels-convert	"{""optional"": true, ""version"": ""0.2.16""}"
hdr-corpus-convert	primary	hdr-corpus-convert/Cargo.toml	hdr-corpus-convert	dependencies	zenpixels	zenpixels	"{""path"": ""/home/lilith/work/zen/zenpixels/zenpixels""}"
hdr-corpus-convert	primary	hdr-corpus-convert/Cargo.toml	hdr-corpus-convert	dependencies	zenpixels-convert	zenpixels-convert	"{""path"": ""/home/lilith/work/zen/zenpixels/zenpixels-convert""}"
imageflow	primary	imageflow/imageflow_core/Cargo.toml	imageflow_core	dependencies	zenpixels	zenpixels	"{""default-features"": false, ""optional"": true, ""version"": "">=0.2.14, <0.4.0""}"
squintly	primary	squintly/Cargo.toml	squintly	dependencies	zenpixels	zenpixels	"""0.2.11"""
webpx	primary	webpx/Cargo.toml	webpx	dependencies	zenpixels	zenpixels	"{""default-features"": false, ""optional"": true, ""version"": ""0.2.10""}"
webpx	primary	webpx/examples-crates/zencodec-swap-demo/Cargo.toml	zencodec-swap-demo	dependencies	zenpixels	zenpixels	"{""default-features"": false, ""version"": ""0.2.10""}"
zen/_zensim-pu-panel	primary	zen/_zensim-pu-panel/Cargo.toml	<workspace>	workspace.dependencies	zenpixels	zenpixels	"{""default-features"": false, ""version"": ""0.2.10""}"
zen/_zensim-pu-panel	primary	zen/_zensim-pu-panel/zensim-bench/Cargo.toml	zensim-bench	dependencies	zenpixels	zenpixels	"{""default-features"": false, ""optional"": true, ""version"": ""0.2.10""}"
zen/_zensim-pu-panel	primary	zen/_zensim-pu-panel/zensim-picker-prep/Cargo.toml	zensim-picker-prep	dependencies	zenpixels	zenpixels	"""0.2.10"""
zen/_zensim-pu-panel	primary	zen/_zensim-pu-panel/zensim-picker-prep/Cargo.toml	zensim-picker-prep	dependencies	zenpixels-convert	zenpixels-convert	"""0.2.10"""
zen/_zensim-pu-panel	primary	zen/_zensim-pu-panel/zensim-regress/Cargo.toml	zensim-regress	dependencies	zenpixels	zenpixels	"{""workspace"": true}"
zen/_zensim-pu-panel	primary	zen/_zensim-pu-panel/zensim-target/Cargo.toml	zensim-target	dependencies	zenpixels	zenpixels	"{""default-features"": false, ""version"": ""0.2.10""}"
zen/_zensim-pu-panel	primary	zen/_zensim-pu-panel/zensim/Cargo.toml	zensim	dependencies	zenpixels	zenpixels	"{""default-features"": false, ""features"": [""std""], ""optional"": true, ""version"": ""0.2.11""}"
zen/hdr-anchor-vis	primary	zen/hdr-anchor-vis/Cargo.toml	hdr-anchor-vis	dependencies	zenpixels	zenpixels	"{""path"": ""/home/lilith/work/zen/zenpixels/zenpixels""}"
zen/hdr-anchor-vis	primary	zen/hdr-anchor-vis/Cargo.toml	hdr-anchor-vis	dependencies	zenpixels-convert	zenpixels-convert	"{""path"": ""/home/lilith/work/zen/zenpixels/zenpixels-convert""}"
zen/heic	primary	zen/heic/Cargo.toml	heic	dependencies	zenpixels	zenpixels	"{""default-features"": false, ""features"": [""rgb"", ""imgref""], ""optional"": true, ""version"": "">=0.2.11, <0.4.0""}"
zen/imazen-26	primary	zen/imazen-26/tools/corpus-signal-probe/Cargo.toml	corpus-signal-probe	dependencies	zenpixels	zenpixels	"{""default-features"": false, ""features"": [""std"", ""icc""], ""version"": ""0.2.16""}"
zen/imazen-26	primary	zen/imazen-26/tools/corpus-thumbs/Cargo.toml	corpus-thumbs	dependencies	zenpixels	zenpixels	"{""default-features"": false, ""features"": [""std""], ""version"": ""0.2.16""}"
zen/imazen-26	primary	zen/imazen-26/tools/corpus-thumbs/Cargo.toml	corpus-thumbs	dependencies	zenpixels-convert	zenpixels-convert	"{""features"": [""rgb"", ""imgref""], ""version"": ""0.2.16""}"
zen/imazen-26	primary	zen/imazen-26/tools/resave-colour-check/Cargo.toml	resave-colour-check	dependencies	zenpixels	zenpixels	"{""default-features"": false, ""features"": [""std""], ""version"": ""0.2.16""}"
zen/imazen-26	primary	zen/imazen-26/tools/resave-colour-check/Cargo.toml	resave-colour-check	dependencies	zenpixels-convert	zenpixels-convert	"{""version"": ""0.2.16""}"
zen/jxl-encoder	primary	zen/jxl-encoder/jxl-encoder/Cargo.toml	jxl-encoder	dependencies	zenpixels-convert	zenpixels-convert	"{""default-features"": false, ""version"": ""0.2.16""}"
zen/mozjpeg-rs	primary	zen/mozjpeg-rs/Cargo.toml	mozjpeg-rs	dependencies	zenpixels	zenpixels	"{""optional"": true, ""version"": "">=0.2.10, <0.4.0""}"
zen/ultrahdr	primary	zen/ultrahdr/Cargo.toml	<workspace>	workspace.dependencies	zenpixels	zenpixels	"{""default-features"": false, ""version"": "">=0.2.14, <0.4.0""}"
zen/ultrahdr	primary	zen/ultrahdr/ultrahdr-core/Cargo.toml	ultrahdr-core	dependencies	zenpixels	zenpixels	"{""workspace"": true}"
zen/ultrahdr	primary	zen/ultrahdr/ultrahdr-core/Cargo.toml	ultrahdr-core	dependencies	zenpixels-convert	zenpixels-convert	"{""default-features"": false, ""features"": [""hdr-experimental""], ""optional"": true, ""version"": "">=0.2.15, <0.4.0""}"
zen/ultrahdr	primary	zen/ultrahdr/ultrahdr-rs/Cargo.toml	ultrahdr-rs	dependencies	zenpixels	zenpixels	"{""optional"": true, ""workspace"": true}"
zen/zenanalyze	primary	zen/zenanalyze/Cargo.toml	zenanalyze	dependencies	zenpixels	zenpixels	"{""default-features"": false, ""features"": [""imgref""], ""version"": "">=0.2.14, <0.4.0""}"
zen/zenanalyze	primary	zen/zenanalyze/Cargo.toml	zenanalyze	dependencies	zenpixels-convert	zenpixels-convert	"{""default-features"": false, ""version"": "">=0.2.14, <0.4.0""}"
zen/zenavif-serialize	primary	zen/zenavif-serialize/Cargo.toml	zenavif-serialize	dev-dependencies	zenpixels-convert	zenpixels-convert	"{""default-features"": false, ""version"": ""0.2.13""}"
zen/zenavif	primary	zen/zenavif/Cargo.toml	zenavif	dependencies	zenpixels	zenpixels	"{""default-features"": false, ""features"": [""imgref"", ""rgb""], ""version"": "">=0.2.16, <0.4.0""}"
zen/zenavif	primary	zen/zenavif/Cargo.toml	zenavif	dependencies	zenpixels-convert	zenpixels-convert	"{""default-features"": false, ""features"": [""rgb"", ""hdr-experimental""], ""version"": "">=0.2.16, <0.4.0""}"
zen/zenavif	primary	zen/zenavif/fuzz/Cargo.toml	zenavif-fuzz	dependencies	zenpixels	zenpixels	""">=0.2.16, <0.4.0"""
zen/zenavif	primary	zen/zenavif/zenavif-serialize/Cargo.toml	zenavif-serialize	dev-dependencies	zenpixels-convert	zenpixels-convert	"{""default-features"": false, ""version"": "">=0.2.13, <0.4.0""}"
zen/zenbitmaps	primary	zen/zenbitmaps/Cargo.toml	zenbitmaps	dependencies	zenpixels	zenpixels	"{""default-features"": false, ""features"": [""imgref""], ""optional"": true, ""version"": "">=0.2.13, <0.4.0""}"
zen/zenbitmaps	primary	zen/zenbitmaps/Cargo.toml	zenbitmaps	dependencies	zenpixels-convert	zenpixels-convert	"{""default-features"": false, ""optional"": true, ""version"": "">=0.2.13, <0.4.0""}"
zen/zencodec	primary	zen/zencodec/Cargo.toml	zencodec	dependencies	zenpixels	zenpixels	"{""features"": [""icc""], ""version"": ""0.2.14""}"
zen/zencodec	primary	zen/zencodec/zencodec-testkit/Cargo.toml	zencodec-testkit	dependencies	zenpixels	zenpixels	"{""features"": [""icc""], ""version"": ""0.2.10""}"
zen/zencodec	primary	zen/zencodec/zencodec-testkit/Cargo.toml	zencodec-testkit	dev-dependencies	zenpixels-convert	zenpixels-convert	"""0.2.14"""
zen/zenextras	primary	zen/zenextras/zenexr/Cargo.toml	zenexr	dependencies	zenpixels	zenpixels	"{""default-features"": false, ""version"": "">=0.2.14, <0.4.0""}"
zen/zenextras	primary	zen/zenextras/zenjp2/Cargo.toml	zenjp2	dependencies	zenpixels	zenpixels	"{""default-features"": false, ""version"": "">=0.2.10, <0.4.0""}"
zen/zenextras	primary	zen/zenextras/zenpdf/Cargo.toml	zenpdf	dependencies	zenpixels	zenpixels	"{""default-features"": false, ""features"": [""rgb"", ""std""], ""version"": "">=0.2.10, <0.4.0""}"
zen/zenextras	primary	zen/zenextras/zensvg/Cargo.toml	zensvg	dependencies	zenpixels	zenpixels	""">=0.2.10, <0.4.0"""
zen/zenextras	primary	zen/zenextras/zentiff/Cargo.toml	zentiff	dependencies	zenpixels	zenpixels	"{""default-features"": false, ""version"": "">=0.2.10, <0.4.0""}"
zen/zenextras	primary	zen/zenextras/zentiff/Cargo.toml	zentiff	dependencies	zenpixels-convert	zenpixels-convert	"{""default-features"": false, ""optional"": true, ""version"": "">=0.2.13, <0.4.0""}"
zen/zengif	primary	zen/zengif/Cargo.toml	zengif	dependencies	zenpixels	zenpixels	"{""default-features"": false, ""version"": "">=0.2.10, <0.4.0""}"
zen/zenjpeg	primary	zen/zenjpeg/Cargo.toml	<workspace>	workspace.dependencies	zenpixels	zenpixels	"{""default-features"": false, ""features"": [""imgref""], ""version"": "">=0.2.16, <0.4.0""}"
zen/zenjpeg	primary	zen/zenjpeg/Cargo.toml	<workspace>	workspace.dependencies	zenpixels-convert	zenpixels-convert	"{""default-features"": false, ""version"": "">=0.2.16, <0.4.0""}"
zen/zenjpeg	primary	zen/zenjpeg/zenjpeg-bench-utils/Cargo.toml	zenjpeg-bench-utils	dependencies	zenpixels-convert	zenpixels-convert	"{""features"": [""rgb""], ""workspace"": true}"
zen/zenjpeg	primary	zen/zenjpeg/zenjpeg/Cargo.toml	zenjpeg	dependencies	zenpixels	zenpixels	"{""workspace"": true}"
zen/zenjpeg	primary	zen/zenjpeg/zenjpeg/Cargo.toml	zenjpeg	dependencies	zenpixels-convert	zenpixels-convert	"{""optional"": true, ""workspace"": true}"
zen/zenjpeg	primary	zen/zenjpeg/zenjpeg/Cargo.toml	zenjpeg	dev-dependencies	zenpixels-convert	zenpixels-convert	"{""workspace"": true}"
zen/zenjpeg	primary	zen/zenjpeg/zenjpeg/fuzz/Cargo.toml	zenjpeg-fuzz	dependencies	zenpixels	zenpixels	"{""default-features"": false, ""version"": "">=0.2.10, <0.4.0""}"
zen/zenjpegai	primary	zen/zenjpegai/Cargo.toml	zenjpegai	dependencies	zenpixels	zenpixels	"{""optional"": true, ""version"": ""0.2.16""}"
zen/zenjpegai	primary	zen/zenjpegai/web/scripts/prep-demo-images/Cargo.toml	prep-demo-images	dependencies	zenpixels-convert	zenpixels-convert	"{""features"": [""rgb"", ""imgref""], ""version"": ""0.2""}"
zen/zenjxl	primary	zen/zenjxl/Cargo.toml	zenjxl	dependencies	zenpixels	zenpixels	"{""default-features"": false, ""features"": [""rgb""], ""version"": "">=0.2.11, <0.4.0""}"
zen/zenjxl	primary	zen/zenjxl/Cargo.toml	zenjxl	dependencies	zenpixels-convert	zenpixels-convert	"{""default-features"": false, ""features"": [""rgb""], ""optional"": true, ""version"": "">=0.2.13, <0.4.0""}"
zen/zenmetrics	primary	zen/zenmetrics/crates/butteraugli-gpu/Cargo.toml	butteraugli-gpu	dependencies	zenpixels	zenpixels	"{""default-features"": false, ""features"": [""std""], ""optional"": true, ""version"": "">=0.2.11, <0.4.0""}"
zen/zenmetrics	primary	zen/zenmetrics/crates/butteraugli-gpu/Cargo.toml	butteraugli-gpu	dev-dependencies	zenpixels	zenpixels	"{""default-features"": false, ""features"": [""std""], ""version"": "">=0.2.11, <0.4.0""}"
zen/zenmetrics	primary	zen/zenmetrics/crates/cvvdp-gpu/Cargo.toml	cvvdp-gpu	dependencies	zenpixels	zenpixels	"{""default-features"": false, ""features"": [""std""], ""optional"": true, ""version"": "">=0.2.11, <0.4.0""}"
zen/zenmetrics	primary	zen/zenmetrics/crates/cvvdp-gpu/Cargo.toml	cvvdp-gpu	dependencies	zenpixels-convert	zenpixels-convert	"{""default-features"": false, ""features"": [""std""], ""optional"": true, ""version"": "">=0.2.11, <0.4.0""}"
zen/zenmetrics	primary	zen/zenmetrics/crates/cvvdp-gpu/Cargo.toml	cvvdp-gpu	dev-dependencies	zenpixels	zenpixels	"{""default-features"": false, ""features"": [""std""], ""version"": "">=0.2.11, <0.4.0""}"
zen/zenmetrics	primary	zen/zenmetrics/crates/cvvdp/Cargo.toml	cvvdp	dependencies	zenpixels	zenpixels	"{""default-features"": false, ""features"": [""std""], ""optional"": true, ""version"": "">=0.2.11, <0.4.0""}"
zen/zenmetrics	primary	zen/zenmetrics/crates/cvvdp/Cargo.toml	cvvdp	dependencies	zenpixels-convert	zenpixels-convert	"{""default-features"": false, ""features"": [""std""], ""optional"": true, ""version"": "">=0.2.11, <0.4.0""}"
zen/zenmetrics	primary	zen/zenmetrics/crates/dssim-gpu/Cargo.toml	dssim-gpu	dependencies	zenpixels	zenpixels	"{""default-features"": false, ""features"": [""std""], ""optional"": true, ""version"": "">=0.2.11, <0.4.0""}"
zen/zenmetrics	primary	zen/zenmetrics/crates/dssim-gpu/Cargo.toml	dssim-gpu	dev-dependencies	zenpixels	zenpixels	"{""default-features"": false, ""features"": [""std""], ""version"": "">=0.2.11, <0.4.0""}"
zen/zenmetrics	primary	zen/zenmetrics/crates/gmsd/Cargo.toml	gmsd	dependencies	zenpixels	zenpixels	"{""default-features"": false, ""features"": [""std""], ""optional"": true, ""version"": "">=0.2.11, <0.4.0""}"
zen/zenmetrics	primary	zen/zenmetrics/crates/gmsd/Cargo.toml	gmsd	dependencies	zenpixels-convert	zenpixels-convert	"{""default-features"": false, ""features"": [""std""], ""optional"": true, ""version"": "">=0.2.11, <0.4.0""}"
zen/zenmetrics	primary	zen/zenmetrics/crates/gmsd/Cargo.toml	gmsd	dev-dependencies	zenpixels	zenpixels	"{""default-features"": false, ""features"": [""std""], ""version"": "">=0.2.11, <0.4.0""}"
zen/zenmetrics	primary	zen/zenmetrics/crates/iwssim-gpu/Cargo.toml	iwssim-gpu	dependencies	zenpixels	zenpixels	"{""default-features"": false, ""features"": [""std""], ""optional"": true, ""version"": "">=0.2.11, <0.4.0""}"
zen/zenmetrics	primary	zen/zenmetrics/crates/iwssim-gpu/Cargo.toml	iwssim-gpu	dev-dependencies	zenpixels	zenpixels	"{""default-features"": false, ""features"": [""std""], ""version"": "">=0.2.11, <0.4.0""}"
zen/zenmetrics	primary	zen/zenmetrics/crates/iwssim/Cargo.toml	iwssim	dependencies	zenpixels	zenpixels	"{""default-features"": false, ""features"": [""std""], ""optional"": true, ""version"": "">=0.2.11, <0.4.0""}"
zen/zenmetrics	primary	zen/zenmetrics/crates/iwssim/Cargo.toml	iwssim	dependencies	zenpixels-convert	zenpixels-convert	"{""default-features"": false, ""features"": [""std""], ""optional"": true, ""version"": "">=0.2.11, <0.4.0""}"
zen/zenmetrics	primary	zen/zenmetrics/crates/iwssim/Cargo.toml	iwssim	dev-dependencies	zenpixels	zenpixels	"{""default-features"": false, ""features"": [""std""], ""version"": "">=0.2.11, <0.4.0""}"
zen/zenmetrics	primary	zen/zenmetrics/crates/ssim2-gpu/Cargo.toml	ssim2-gpu	dependencies	zenpixels	zenpixels	"{""default-features"": false, ""features"": [""std""], ""optional"": true, ""version"": "">=0.2.11, <0.4.0""}"
zen/zenmetrics	primary	zen/zenmetrics/crates/ssim2-gpu/Cargo.toml	ssim2-gpu	dev-dependencies	zenpixels	zenpixels	"{""default-features"": false, ""features"": [""std""], ""version"": "">=0.2.11, <0.4.0""}"
zen/zenmetrics	primary	zen/zenmetrics/crates/zenmetrics-api/Cargo.toml	zenmetrics-api	dependencies	zenpixels	zenpixels	"{""default-features"": false, ""features"": [""std""], ""optional"": true, ""version"": "">=0.2.11, <0.4.0""}"
zen/zenmetrics	primary	zen/zenmetrics/crates/zenmetrics-api/Cargo.toml	zenmetrics-api	dependencies	zenpixels-convert	zenpixels-convert	"{""default-features"": false, ""features"": [""std""], ""optional"": true, ""version"": "">=0.2.11, <0.4.0""}"
zen/zenmetrics	primary	zen/zenmetrics/crates/zenmetrics-api/Cargo.toml	zenmetrics-api	dev-dependencies	zenpixels	zenpixels	"{""default-features"": false, ""features"": [""std""], ""version"": "">=0.2.11, <0.4.0""}"
zen/zenmetrics	primary	zen/zenmetrics/crates/zenmetrics-cli/Cargo.toml	zenmetrics-cli	dependencies	zenpixels	zenpixels	""">=0.2.16, <0.4.0"""
zen/zenmetrics	primary	zen/zenmetrics/crates/zenmetrics-cli/Cargo.toml	zenmetrics-cli	dependencies	zenpixels-convert	zenpixels-convert	"{""features"": [""hdr-experimental""], ""version"": "">=0.2.16, <0.4.0""}"
zen/zenmetrics	primary	zen/zenmetrics/crates/zenmetrics-gpu-core/Cargo.toml	zenmetrics-gpu-core	dependencies	zenpixels	zenpixels	"{""default-features"": false, ""features"": [""std""], ""optional"": true, ""version"": "">=0.2.11, <0.4.0""}"
zen/zenmetrics	primary	zen/zenmetrics/crates/zenmetrics-gpu-core/Cargo.toml	zenmetrics-gpu-core	dependencies	zenpixels-convert	zenpixels-convert	"{""default-features"": false, ""features"": [""std""], ""optional"": true, ""version"": "">=0.2.11, <0.4.0""}"
zen/zenmetrics	primary	zen/zenmetrics/crates/zensim-gpu/Cargo.toml	zensim-gpu	dependencies	zenpixels	zenpixels	"{""default-features"": false, ""features"": [""std""], ""optional"": true, ""version"": "">=0.2.11, <0.4.0""}"
zen/zenmetrics	primary	zen/zenmetrics/crates/zensim-gpu/Cargo.toml	zensim-gpu	dev-dependencies	zenpixels	zenpixels	"{""default-features"": false, ""features"": [""std""], ""version"": "">=0.2.11, <0.4.0""}"
zen/zenpipe	primary	zen/zenpipe/Cargo.toml	zenpipe	dependencies	zenpixels-convert	zenpixels-convert	"{""workspace"": true}"
zen/zenpipe	primary	zen/zenpipe/Cargo.toml	zenpipe	dependencies	zenpixels	zenpixels	"{""workspace"": true}"
zen/zenpipe	primary	zen/zenpipe/Cargo.toml	zenpipe	workspace.dependencies	zenpixels	zenpixels	"{""default-features"": false, ""version"": "">=0.2.10, <0.4.0""}"
zen/zenpipe	primary	zen/zenpipe/Cargo.toml	zenpipe	workspace.dependencies	zenpixels-convert	zenpixels-convert	"{""default-features"": false, ""version"": "">=0.2.10, <0.4.0""}"
zen/zenpipe	primary	zen/zenpipe/wasm-size-shim/Cargo.toml	wasm-size-shim	dependencies	zenpixels	zenpixels	"{""path"": ""../../zenpixels/zenpixels""}"
zen/zenpipe	primary	zen/zenpipe/zencodecs-cli/Cargo.toml	zencodecs-cli	dev-dependencies	zenpixels	zenpixels	"{""workspace"": true}"
zen/zenpipe	primary	zen/zenpipe/zencodecs/Cargo.toml	zencodecs	dependencies	zenpixels	zenpixels	"{""default-features"": false, ""features"": [""imgref""], ""version"": "">=0.2.10, <0.4.0""}"
zen/zenpipe	primary	zen/zenpipe/zencodecs/Cargo.toml	zencodecs	dependencies	zenpixels-convert	zenpixels-convert	"{""features"": [""imgref""], ""version"": "">=0.2.10, <0.4.0""}"
zen/zenpipe	primary	zen/zenpipe/zencodecs/fuzz/Cargo.toml	zencodecs-fuzz	dependencies	zenpixels	zenpixels	"{""default-features"": false, ""version"": "">=0.2.10, <0.4.0""}"
zen/zenpipe	primary	zen/zenpipe/zeneditor/Cargo.toml	zeneditor	dependencies	zenpixels	zenpixels	"{""workspace"": true}"
zen/zenpipe	primary	zen/zenpipe/zenfilters/Cargo.toml	zenfilters	dependencies	zenpixels	zenpixels	"{""features"": [""planar""], ""version"": "">=0.2.10, <0.4.0""}"
zen/zenpipe	primary	zen/zenpipe/zenfilters/Cargo.toml	zenfilters	dependencies	zenpixels-convert	zenpixels-convert	"{""features"": [""hdr-experimental""], ""version"": "">=0.2.15, <0.4.0""}"
zen/zenpipe	primary	zen/zenpipe/zenfilters/Cargo.toml	zenfilters	dev-dependencies	zenpixels	zenpixels	"{""features"": [""planar"", ""rgb""], ""version"": "">=0.2.10, <0.4.0""}"
zen/zenpipe	primary	zen/zenpipe/zenfilters/Cargo.toml	zenfilters	dev-dependencies	zenpixels-convert	zenpixels-convert	"{""features"": [""planar""], ""version"": "">=0.2.10, <0.4.0""}"
zen/zenpixels	primary	zen/zenpixels/Cargo.toml	<workspace>	workspace.dependencies	zenpixels	zenpixels	"{""default-features"": false, ""path"": ""zenpixels"", ""version"": "">=0.2.16, <0.4.0""}"
zen/zenpixels	primary	zen/zenpixels/benchmarks/transpose-shootout/Cargo.toml	transpose-shootout	dependencies	zenpixels	zenpixels	"{""path"": ""../../zenpixels""}"
zen/zenpixels	primary	zen/zenpixels/benchmarks/transpose-shootout/Cargo.toml	transpose-shootout	dependencies	zenpixels-convert	zenpixels-convert	"{""features"": [""__bench_orient""], ""path"": ""../../zenpixels-convert""}"
zen/zenpixels	primary	zen/zenpixels/zenpixels-convert/Cargo.toml	zenpixels-convert	dependencies	zenpixels	zenpixels	"{""default-features"": false, ""features"": [""icc""], ""workspace"": true}"
zen/zenpixels	primary	zen/zenpixels/zenpixels-convert/Cargo.toml	zenpixels-convert	dev-dependencies	zenpixels	zenpixels	"{""features"": [""planar"", ""imgref""], ""workspace"": true}"
zen/zenpixels	primary	zen/zenpixels/zenpixels-convert/Cargo.toml	zenpixels-convert	dev-dependencies	zenpixels-convert	zenpixels-convert	"{""features"": [""pipeline"", ""imgref"", ""cms-moxcms""], ""path"": "".""}"
zen/zenpng	primary	zen/zenpng/Cargo.toml	zenpng	dependencies	zenpixels	zenpixels	"{""default-features"": false, ""features"": [""imgref""], ""version"": "">=0.2.11, <0.4.0""}"
zen/zenpng	primary	zen/zenpng/Cargo.toml	zenpng	dependencies	zenpixels-convert	zenpixels-convert	"{""features"": [""imgref"", ""rgb""], ""version"": "">=0.2.16, <0.4.0""}"
zen/zenraw	primary	zen/zenraw/Cargo.toml	zenraw	dependencies	zenpixels	zenpixels	"{""default-features"": false, ""version"": "">=0.2.10, <0.4.0""}"
zen/zenresize	primary	zen/zenresize/Cargo.toml	zenresize	dependencies	zenpixels	zenpixels	"{""default-features"": false, ""version"": "">=0.2.10, <0.4.0""}"
zen/zensim-featcompress	primary	zen/zensim-featcompress/Cargo.toml	<workspace>	workspace.dependencies	zenpixels	zenpixels	"{""default-features"": false, ""version"": "">=0.2.10, <0.4.0""}"
zen/zensim-featcompress	primary	zen/zensim-featcompress/zensim-bench/Cargo.toml	zensim-bench	dependencies	zenpixels	zenpixels	"{""default-features"": false, ""optional"": true, ""version"": "">=0.2.10, <0.4.0""}"
zen/zensim-featcompress	primary	zen/zensim-featcompress/zensim-bench/Cargo.toml	zensim-bench	dependencies	zenpixels-convert	zenpixels-convert	"{""optional"": true, ""version"": "">=0.2.16, <0.4.0""}"
zen/zensim-featcompress	primary	zen/zensim-featcompress/zensim-picker-prep/Cargo.toml	zensim-picker-prep	dependencies	zenpixels	zenpixels	""">=0.2.10, <0.4.0"""
zen/zensim-featcompress	primary	zen/zensim-featcompress/zensim-picker-prep/Cargo.toml	zensim-picker-prep	dependencies	zenpixels-convert	zenpixels-convert	""">=0.2.10, <0.4.0"""
zen/zensim-featcompress	primary	zen/zensim-featcompress/zensim-regress/Cargo.toml	zensim-regress	dependencies	zenpixels	zenpixels	"{""workspace"": true}"
zen/zensim-featcompress	primary	zen/zensim-featcompress/zensim-target/Cargo.toml	zensim-target	dependencies	zenpixels	zenpixels	"{""default-features"": false, ""version"": "">=0.2.10, <0.4.0""}"
zen/zensim-featcompress	primary	zen/zensim-featcompress/zensim-validate/Cargo.toml	zensim-validate	dependencies	zenpixels	zenpixels	"{""workspace"": true}"
zen/zensim-featcompress	primary	zen/zensim-featcompress/zensim-validate/Cargo.toml	zensim-validate	dependencies	zenpixels-convert	zenpixels-convert	"{""default-features"": false, ""version"": "">=0.2.16, <0.4.0""}"
zen/zensim-featcompress	primary	zen/zensim-featcompress/zensim/Cargo.toml	zensim	dependencies	zenpixels	zenpixels	"{""default-features"": false, ""features"": [""std""], ""optional"": true, ""version"": "">=0.2.11, <0.4.0""}"
zen/zensim-featcompress	primary	zen/zensim-featcompress/zensim/Cargo.toml	zensim	dev-dependencies	zenpixels	zenpixels	"{""workspace"": true}"
zen/zensim	primary	zen/zensim/Cargo.toml	<workspace>	workspace.dependencies	zenpixels	zenpixels	"{""default-features"": false, ""version"": "">=0.2.10, <0.4.0""}"
zen/zensim	primary	zen/zensim/zensim-bench/Cargo.toml	zensim-bench	dependencies	zenpixels	zenpixels	"{""default-features"": false, ""optional"": true, ""version"": "">=0.2.10, <0.4.0""}"
zen/zensim	primary	zen/zensim/zensim-bench/Cargo.toml	zensim-bench	dependencies	zenpixels-convert	zenpixels-convert	"{""optional"": true, ""version"": "">=0.2.16, <0.4.0""}"
zen/zensim	primary	zen/zensim/zensim-picker-prep/Cargo.toml	zensim-picker-prep	dependencies	zenpixels	zenpixels	""">=0.2.10, <0.4.0"""
zen/zensim	primary	zen/zensim/zensim-picker-prep/Cargo.toml	zensim-picker-prep	dependencies	zenpixels-convert	zenpixels-convert	""">=0.2.10, <0.4.0"""
zen/zensim	primary	zen/zensim/zensim-regress/Cargo.toml	zensim-regress	dependencies	zenpixels	zenpixels	"{""workspace"": true}"
zen/zensim	primary	zen/zensim/zensim-target/Cargo.toml	zensim-target	dependencies	zenpixels	zenpixels	"{""default-features"": false, ""version"": "">=0.2.10, <0.4.0""}"
zen/zensim	primary	zen/zensim/zensim-validate/Cargo.toml	zensim-validate	dependencies	zenpixels	zenpixels	"{""workspace"": true}"
zen/zensim	primary	zen/zensim/zensim-validate/Cargo.toml	zensim-validate	dependencies	zenpixels-convert	zenpixels-convert	"{""default-features"": false, ""version"": "">=0.2.16, <0.4.0""}"
zen/zensim	primary	zen/zensim/zensim/Cargo.toml	zensim	dependencies	zenpixels	zenpixels	"{""default-features"": false, ""features"": [""std""], ""optional"": true, ""version"": "">=0.2.11, <0.4.0""}"
zen/zensim	primary	zen/zensim/zensim/Cargo.toml	zensim	dev-dependencies	zenpixels	zenpixels	"{""workspace"": true}"
zen/zensquoosh	primary	zen/zensquoosh/crates/zensquoosh-codecs/Cargo.toml	zensquoosh-codecs	dependencies	zenpixels	zenpixels	"{""default-features"": false, ""version"": "">=0.2.16, <0.4.0""}"
zen/zensr	primary	zen/zensr/crates/zensr-bench/Cargo.toml	zensr-bench	dependencies	zenpixels	zenpixels	""">=0.2.14, <0.4.0"""
zen/zensr	primary	zen/zensr/crates/zensr-micro/Cargo.toml	zensr-micro	dependencies	zenpixels	zenpixels	"{""optional"": true, ""version"": "">=0.2.14, <0.4.0""}"
zen/zensysbench	primary	zen/zensysbench/Cargo.toml	zensysbench	dependencies	zenpixels	zenpixels	"{""optional"": true, ""path"": ""../zenpixels/zenpixels""}"
zen/zensysbench	primary	zen/zensysbench/Cargo.toml	zensysbench	dependencies	zenpixels-convert	zenpixels-convert	"{""optional"": true, ""path"": ""../zenpixels/zenpixels-convert""}"
zen/zentone	primary	zen/zentone/Cargo.toml	zentone	dependencies	zenpixels	zenpixels	"{""default-features"": false, ""optional"": true, ""version"": "">=0.2.14, <0.4.0""}"
zen/zentone	primary	zen/zentone/dev/shootout/Cargo.toml	zentone-dev-shootout	dependencies	zenpixels-convert	zenpixels-convert	"{""default-features"": false, ""features"": [""std"", ""hdr-experimental"", ""rgb"", ""imgref""], ""path"": ""../../../zenpixels/zenpixels-convert""}"
zen/zentone	primary	zen/zentone/dev/shootout/Cargo.toml	zentone-dev-shootout	dependencies	zenpixels-dev	zenpixels	"{""default-features"": false, ""features"": [""std"", ""imgref""], ""package"": ""zenpixels"", ""path"": ""../../../zenpixels/zenpixels""}"
zen/zenwebp	primary	zen/zenwebp/Cargo.toml	zenwebp	dependencies	zenpixels	zenpixels	"{""default-features"": false, ""version"": "">=0.2.11, <0.4.0""}"
zen/zenwebp	primary	zen/zenwebp/Cargo.toml	zenwebp	dependencies	zenpixels-convert	zenpixels-convert	"{""default-features"": false, ""version"": "">=0.2.13, <0.4.0""}"
zen/zenwebp	primary	zen/zenwebp/Cargo.toml	zenwebp	dev-dependencies	zenpixels-convert	zenpixels-convert	"{""features"": [""rgb""], ""version"": "">=0.2.13, <0.4.0""}"
zen/zenwebp	primary	zen/zenwebp/zenwebp-recompress/Cargo.toml	zenwebp-recompress	workspace.dependencies	zenpixels	zenpixels	"{""default-features"": false, ""path"": ""../../zenpixels/zenpixels""}"
zen/zenwebp	primary	zen/zenwebp/zenwebp-recompress/Cargo.toml	zenwebp-recompress	dependencies	zenpixels	zenpixels	"{""optional"": true, ""workspace"": true}"
