repository_path	lines	reviewer	status
zencodec/apidoc/tests/public_api_doc.rs	6	tests_full_review	full read
zencodec/benches/exif_filter.rs	85	tests_full_review	full read
zencodec/examples/audit_magic.rs	175	tests_full_review	full read
zencodec/fuzz/fuzz_targets/exif_author.rs	95	tests_full_review	full read
zencodec/fuzz/fuzz_targets/exif_filter.rs	31	tests_full_review	full read
zencodec/fuzz/fuzz_targets/exif_parse.rs	14	tests_full_review	full read
zencodec/fuzz/fuzz_targets/exif_roundtrip.rs	17	tests_full_review	full read
zencodec/fuzz/fuzz_targets/metadata_filtered.rs	40	tests_full_review	full read
zencodec/src/capabilities.rs	1152	root	full read
zencodec/src/color.rs	584	root	full read
zencodec/src/cost.rs	115	root	full read
zencodec/src/detect.rs	116	root	full read
zencodec/src/error.rs	1438	root	full read
zencodec/src/estimate.rs	616	root	full read
zencodec/src/exif.rs	2711	root	full read
zencodec/src/extensions.rs	206	root	full read
zencodec/src/fidelity.rs	241	root	full read
zencodec/src/format/builtins.rs	692	root	full read
zencodec/src/format/mod.rs	1445	root	full read
zencodec/src/gainmap.rs	2886	root	full read
zencodec/src/helpers/exif.rs	190	root	full read
zencodec/src/helpers/icc.rs	743	root	full read
zencodec/src/helpers/mod.rs	116	root	full read
zencodec/src/icc.rs	77	root	full read
zencodec/src/info.rs	1471	root	full read
zencodec/src/lib.rs	261	root	full read
zencodec/src/limits.rs	1300	root	full read
zencodec/src/metadata.rs	1113	root	full read
zencodec/src/negotiate.rs	241	root	full read
zencodec/src/orientation.rs	103	root	full read
zencodec/src/output.rs	641	root	full read
zencodec/src/policy.rs	479	root	full read
zencodec/src/set.rs	828	root	full read
zencodec/src/sink.rs	462	root	full read
zencodec/src/traits/decoder.rs	178	root	full read
zencodec/src/traits/decoding.rs	434	root	full read
zencodec/src/traits/dyn_decoding.rs	514	root	full read
zencodec/src/traits/dyn_encoding.rs	472	root	full read
zencodec/src/traits/encoder.rs	205	root	full read
zencodec/src/traits/encoding.rs	531	root	full read
zencodec/src/traits/mod.rs	48	root	full read
zencodec/src/traits/unsupported.rs	86	root	full read
zencodec/tests/comprehensive.rs	2217	tests_full_review	full read
zencodec/tests/exif_differential.rs	200	tests_full_review	full read
zencodec/tests/fuzz_regression.rs	238	tests_full_review	full read
zencodec/tests/mock_anim/mod.rs	810	tests_full_review	full read
zencodec/tests/pnm/mod.rs	423	tests_full_review	full read
zencodec/tests/pnm_roundtrip.rs	1322	tests_full_review	full read
zencodec/zencodec-testkit/src/fixtures.rs	91	tests_full_review	full read
zencodec/zencodec-testkit/src/lib.rs	2078	tests_full_review	full read
zencodec/zencodec-testkit/src/minimal.rs	271	tests_full_review	full read
zencodec/zencodec-testkit/src/reference.rs	852	tests_full_review	full read
zencodec/zencodec-testkit/tests/codec_set.rs	439	tests_full_review	full read
zencodec/zencodec-testkit/tests/decode_parallelism.rs	126	tests_full_review	full read
zencodec/zencodec-testkit/tests/usage.rs	250	tests_full_review	full read
zenpixels/apidoc/tests/public_api_doc.rs	19	core_full_review	full read
zenpixels/benchmarks/transpose-shootout/build.rs	25	core_full_review	full read
zenpixels/benchmarks/transpose-shootout/fetch_simd.sh	11	core_full_review	full read
zenpixels/benchmarks/transpose-shootout/src/main.rs	495	core_full_review	full read
zenpixels/benchmarks/u16_low_byte_survey.py	161	core_full_review	full read
zenpixels/scripts/icc-gen/src/bin/cicp_bundle_gen.rs	794	core_full_review	full read
zenpixels/scripts/icc-gen/src/bin/probe42.rs	68	core_full_review	full read
zenpixels/scripts/icc-gen/src/main.rs	1820	core_full_review	full read
zenpixels/scripts/verify_via_moxcms.rs	233	core_full_review	full read
zenpixels/zenpixels-convert/benches/bench_cms.rs	101	tests_full_review	full read
zenpixels/zenpixels-convert/benches/bench_hlg_regress.rs	145	tests_full_review	full read
zenpixels/zenpixels-convert/benches/bench_load_bearing.rs	130	tests_full_review	full read
zenpixels/zenpixels-convert/benches/bench_matlut_vs_poly.rs	151	tests_full_review	full read
zenpixels/zenpixels-convert/benches/bench_orient.rs	86	tests_full_review	full read
zenpixels/zenpixels-convert/benches/bench_pq_anchor.rs	80	tests_full_review	full read
zenpixels/zenpixels-convert/benches/bench_premul_u16.rs	226	tests_full_review	full read
zenpixels/zenpixels-convert/benches/bench_t1_layout.rs	312	tests_full_review	full read
zenpixels/zenpixels-convert/benches/bench_t2_depth.rs	85	tests_full_review	full read
zenpixels/zenpixels-convert/benches/bench_t3_tf_fused.rs	112	tests_full_review	full read
zenpixels/zenpixels-convert/benches/bench_t4_tf_f32.rs	118	tests_full_review	full read
zenpixels/zenpixels-convert/benches/bench_t5_alpha.rs	115	tests_full_review	full read
zenpixels/zenpixels-convert/benches/bench_t6_oklab.rs	118	tests_full_review	full read
zenpixels/zenpixels-convert/benches/bench_t7_gamut.rs	137	tests_full_review	full read
zenpixels/zenpixels-convert/benches/bench_u16_encode.rs	381	tests_full_review	full read
zenpixels/zenpixels-convert/benches/bench_u16_hybrids.rs	72	tests_full_review	full read
zenpixels/zenpixels-convert/benches/bench_u16_narrow.rs	122	tests_full_review	full read
zenpixels/zenpixels-convert/benches/kernel_tiers.rs	199	tests_full_review	full read
zenpixels/zenpixels-convert/examples/measure_histogram_throughput.rs	125	tests_full_review	full read
zenpixels/zenpixels-convert/examples/mem_probe_convert.rs	73	tests_full_review	full read
zenpixels/zenpixels-convert/examples/synthesize_icc_sizes.rs	155	tests_full_review	full read
zenpixels/zenpixels-convert/src/__trace_ops.rs	97	core_full_review	full read
zenpixels/zenpixels-convert/src/adapt.rs	1604	convert_full_review	full read
zenpixels/zenpixels-convert/src/builtin_profiles.rs	990	convert_full_review	full read
zenpixels/zenpixels-convert/src/cms.rs	507	convert_full_review	full read
zenpixels/zenpixels-convert/src/cms_lite.rs	1207	convert_full_review	full read
zenpixels/zenpixels-convert/src/cms_moxcms.rs	843	convert_full_review	full read
zenpixels/zenpixels-convert/src/convert.rs	2603	convert_full_review	full read
zenpixels/zenpixels-convert/src/convert_kernels.rs	3184	convert_full_review	full read
zenpixels/zenpixels-convert/src/converter.rs	2003	convert_full_review	full read
zenpixels/zenpixels-convert/src/error.rs	337	convert_full_review	full read
zenpixels/zenpixels-convert/src/estimate.rs	374	convert_full_review	full read
zenpixels/zenpixels-convert/src/ext.rs	1011	convert_full_review	full read
zenpixels/zenpixels-convert/src/f16_scalar.rs	516	core_full_review	full read
zenpixels/zenpixels-convert/src/fast_gamut.rs	2551	core_full_review	full read
zenpixels/zenpixels-convert/src/gamut.rs	312	convert_full_review	full read
zenpixels/zenpixels-convert/src/hdr/bt2446a.rs	485	convert_full_review	full read
zenpixels/zenpixels-convert/src/hdr/gamut_compress.rs	753	convert_full_review	full read
zenpixels/zenpixels-convert/src/hdr/measure.rs	2296	convert_full_review	full read
zenpixels/zenpixels-convert/src/hdr/mod.rs	860	convert_full_review	full read
zenpixels/zenpixels-convert/src/icc_profiles.rs	782	convert_full_review	full read
zenpixels/zenpixels-convert/src/icc_profiles/cicp_bundle.rs	456	convert_full_review	full read
zenpixels/zenpixels-convert/src/icc_profiles/cicp_bundle_index.rs	424	convert_full_review	full read
zenpixels/zenpixels-convert/src/lib.rs	567	convert_full_review	full read
zenpixels/zenpixels-convert/src/load_bearing.rs	2420	core_full_review	full read
zenpixels/zenpixels-convert/src/negotiate.rs	1017	convert_full_review	full read
zenpixels/zenpixels-convert/src/oklab.rs	248	convert_full_review	full read
zenpixels/zenpixels-convert/src/orient/mod.rs	1089	core_full_review	full read
zenpixels/zenpixels-convert/src/orient/pxn_neon.rs	855	core_full_review	full read
zenpixels/zenpixels-convert/src/orient/pxn_x86.rs	946	core_full_review	full read
zenpixels/zenpixels-convert/src/orient/rgb3_x86.rs	163	core_full_review	full read
zenpixels/zenpixels-convert/src/orient/tests.rs	974	core_full_review	full read
zenpixels/zenpixels-convert/src/output.rs	541	convert_full_review	full read
zenpixels/zenpixels-convert/src/pipeline/mod.rs	19	convert_full_review	full read
zenpixels/zenpixels-convert/src/pipeline/op_format.rs	429	convert_full_review	full read
zenpixels/zenpixels-convert/src/pipeline/path.rs	504	convert_full_review	full read
zenpixels/zenpixels-convert/src/pipeline/registry.rs	532	convert_full_review	full read
zenpixels/zenpixels-convert/src/scan.rs	2121	convert_full_review	full read
zenpixels/zenpixels-convert/tests/adapt.rs	133	tests_full_review	full read
zenpixels/zenpixels-convert/tests/adapt_extended.rs	254	tests_full_review	full read
zenpixels/zenpixels-convert/tests/cbrt_compare.rs	170	tests_full_review	full read
zenpixels/zenpixels-convert/tests/cicp_flag_impact.rs	315	tests_full_review	full read
zenpixels/zenpixels-convert/tests/cicp_transfer_correctness.rs	1378	tests_full_review	full read
zenpixels/zenpixels-convert/tests/cll_measure.rs	403	tests_full_review	full read
zenpixels/zenpixels-convert/tests/cms_corpus_profiles.rs	777	tests_full_review	full read
zenpixels/zenpixels-convert/tests/cms_moxcms.rs	551	tests_full_review	full read
zenpixels/zenpixels-convert/tests/cms_real_profiles.rs	684	tests_full_review	full read
zenpixels/zenpixels-convert/tests/cmyk_cms_roundtrip.rs	322	tests_full_review	full read
zenpixels/zenpixels-convert/tests/deprecated_measure_parity.rs	173	tests_full_review	full read
zenpixels/zenpixels-convert/tests/fused_variants.rs	253	tests_full_review	full read
zenpixels/zenpixels-convert/tests/gamma22_transfer.rs	235	tests_full_review	full read
zenpixels/zenpixels-convert/tests/gamut_convert.rs	262	tests_full_review	full read
zenpixels/zenpixels-convert/tests/hdr_pipeline.rs	596	tests_full_review	full read
zenpixels/zenpixels-convert/tests/hdr_sdr_alloc.rs	144	tests_full_review	full read
zenpixels/zenpixels-convert/tests/luma_coefficients.rs	292	tests_full_review	full read
zenpixels/zenpixels-convert/tests/matrix_verification.rs	554	tests_full_review	full read
zenpixels/zenpixels-convert/tests/matte_composite_linearize.rs	501	tests_full_review	full read
zenpixels/zenpixels-convert/tests/matte_composite_premul.rs	238	tests_full_review	full read
zenpixels/zenpixels-convert/tests/negotiate.rs	698	tests_full_review	full read
zenpixels/zenpixels-convert/tests/output_finalize.rs	953	tests_full_review	full read
zenpixels/zenpixels-convert/tests/palette_crossval.rs	240	tests_full_review	full read
zenpixels/zenpixels-convert/tests/path_validation.rs	483	tests_full_review	full read
zenpixels/zenpixels-convert/tests/perceptual_loss.rs	2751	tests_full_review	full read
zenpixels/zenpixels-convert/tests/plan_validation.rs	311	tests_full_review	full read
zenpixels/zenpixels-convert/tests/planner_silent_passthrough.rs	934	tests_full_review	full read
zenpixels/zenpixels-convert/tests/registry_validation.rs	212	tests_full_review	full read
zenpixels/zenpixels-convert/tests/resource_estimate.rs	452	tests_full_review	full read
zenpixels/zenpixels-convert/tests/roundtrip.rs	781	tests_full_review	full read
zenpixels/zenpixels-convert/tests/transfer.rs	210	tests_full_review	full read
zenpixels/zenpixels-convert/tests/transfer_alpha.rs	647	tests_full_review	full read
zenpixels/zenpixels-convert/tests/ulp_exhaustive.rs	1037	tests_full_review	full read
zenpixels/zenpixels/src/buffer.rs	3651	core_full_review	full read
zenpixels/zenpixels/src/cicp.rs	409	core_full_review	full read
zenpixels/zenpixels/src/color.rs	836	core_full_review	full read
zenpixels/zenpixels/src/descriptor.rs	2309	core_full_review	full read
zenpixels/zenpixels/src/hdr.rs	456	core_full_review	full read
zenpixels/zenpixels/src/icc/icc_table_gray.inc	74	core_full_review	full read
zenpixels/zenpixels/src/icc/icc_table_rgb.inc	315	core_full_review	full read
zenpixels/zenpixels/src/icc/mod.rs	1054	core_full_review	full read
zenpixels/zenpixels/src/lib.rs	119	core_full_review	full read
zenpixels/zenpixels/src/orientation.rs	437	core_full_review	full read
zenpixels/zenpixels/src/pixel_types.rs	178	core_full_review	full read
zenpixels/zenpixels/src/planar.rs	1392	core_full_review	full read
zenpixels/zenpixels/src/policy.rs	367	core_full_review	full read
zenpixels/zenpixels/src/registry.rs	528	core_full_review	full read
zenpixels/zenpixels/tests/dep_guard.rs	144	core_full_review	full read
